{
  "IcoMoonType": "selection",
  "icons": [
    {
      "icon": {
        "paths": [
          "M969.387 95.573v-92.16h-58.027v92.16h-157.013v-95.573h-58.027v92.16h-157.013v-92.16h-58.027v92.16h-157.013v-92.16h-58.027v92.16h-157.013v-92.16h-58.027v92.16h-51.2v931.84h1024v-928.427h-54.613zM962.56 965.973h-904.533v-648.533h904.533v648.533z",
          "M143.36 433.493h116.053v116.053h-116.053v-116.053z",
          "M348.16 433.493h116.053v116.053h-116.053v-116.053z",
          "M556.373 433.493h116.053v116.053h-116.053v-116.053z",
          "M761.173 433.493h116.053v116.053h-116.053v-116.053z",
          "M143.36 737.28h116.053v116.053h-116.053v-116.053z",
          "M348.16 737.28h116.053v116.053h-116.053v-116.053z",
          "M556.373 737.28h116.053v116.053h-116.053v-116.053z",
          "M761.173 737.28h116.053v116.053h-116.053v-116.053z"
        ],
        "attrs": [
          {},
          {},
          {},
          {},
          {},
          {},
          {},
          {},
          {}
        ],
        "isMulticolor": false,
        "isMulticolor2": false,
        "grid": 0,
        "tags": [
          "calendar"
        ]
      },
      "attrs": [
        {},
        {},
        {},
        {},
        {},
        {},
        {},
        {},
        {}
      ],
      "properties": {
        "order": 61,
        "id": 11,
        "name": "calendar",
        "prevSize": 32,
        "code": 59648
      },
      "setIdx": 0,
      "setId": 2,
      "iconIdx": 0
    },
    {
      "icon": {
        "paths": [
          "M887.467 136.533c0 0-235.52-136.533-238.933-136.533v0 0 0h-273.067l-238.933 136.533-136.533 238.933v273.067l136.533 238.933 238.933 136.533h273.067l238.933-136.533 136.533-238.933v-273.067l-136.533-238.933zM962.56 389.12v242.347l-78.507-20.48v-197.973l78.507-23.893zM430.080 822.613l-143.36-85.333-81.92-143.36v-167.253l81.92-146.773 143.36-81.92h167.253l143.36 85.333 85.333 143.36v167.253l-85.333 146.773-143.36 85.333h-167.253v-3.413zM843.093 180.907v0l-58.027 58.027-13.653-6.827-143.36-81.92-13.653-6.827 20.48-78.507 208.213 116.053zM413.013 139.947v0l-13.653 6.827-146.773 85.333-13.653 6.827-58.027-58.027 208.213-119.467 23.893 78.507zM61.44 392.533l78.507 20.48v197.973l-81.92 20.48v-238.933h3.413zM392.533 962.56l-208.213-119.467 58.027-58.027 13.653 6.827 143.36 81.92 13.653 6.827-20.48 81.92zM610.987 880.64v0l13.653-6.827 143.36-85.333 13.653-6.827 58.027 58.027-208.213 119.467-20.48-78.507z",
          "M621.227 361.813h-218.453l-126.293 126.293 235.52 235.52 235.52-235.52-126.293-126.293zM361.813 491.52l64.853-64.853h170.667l68.267 64.853-150.187 150.187-153.6-150.187z"
        ],
        "attrs": [
          {},
          {}
        ],
        "isMulticolor": false,
        "isMulticolor2": false,
        "grid": 0,
        "tags": [
          "casinos"
        ]
      },
      "attrs": [
        {},
        {}
      ],
      "properties": {
        "order": 62,
        "id": 10,
        "name": "casinos",
        "prevSize": 32,
        "code": 59649
      },
      "setIdx": 0,
      "setId": 2,
      "iconIdx": 1
    },
    {
      "icon": {
        "paths": [
          "M699.733 58.027l266.24 266.24v375.467l-266.24 266.24h-375.467l-262.827-266.24v-375.467l262.827-266.24 375.467-0zM723.627 0h-423.253l-300.373 300.373v423.253l300.373 300.373h423.253l300.373-300.373v-423.253l-300.373-300.373z",
          "M450.56 191.147h122.88v122.88h-122.88v-122.88z",
          "M450.56 443.733v0h-61.44v122.88h61.44v262.827h122.88v-385.707z"
        ],
        "attrs": [
          {},
          {},
          {}
        ],
        "isMulticolor": false,
        "isMulticolor2": false,
        "grid": 0,
        "tags": [
          "info"
        ]
      },
      "attrs": [
        {},
        {},
        {}
      ],
      "properties": {
        "order": 63,
        "id": 9,
        "name": "info",
        "prevSize": 32,
        "code": 59650
      },
      "setIdx": 0,
      "setId": 2,
      "iconIdx": 2
    },
    {
      "icon": {
        "paths": [
          "M1017.173 119.467h-1017.173v768h1024v-768h-6.827zM61.44 180.907h897.707v119.467l-354.987 262.827h-187.733l-354.987-266.24v-116.053zM58.027 829.44v-457.387l337.92 252.587h228.693l337.92-256v457.387h-904.533v3.413z"
        ],
        "attrs": [
          {}
        ],
        "isMulticolor": false,
        "isMulticolor2": false,
        "grid": 0,
        "tags": [
          "mail-o"
        ]
      },
      "attrs": [
        {}
      ],
      "properties": {
        "order": 64,
        "id": 8,
        "name": "mail-o",
        "prevSize": 32,
        "code": 59651
      },
      "setIdx": 0,
      "setId": 2,
      "iconIdx": 3
    },
    {
      "icon": {
        "paths": [
          "M3.413 914.773h1020.587v75.093h-1020.587v-75.093z",
          "M0 317.44h1020.587v75.093h-1020.587v-75.093z",
          "M0 617.813h1020.587v75.093h-1020.587v-75.093z",
          "M0 17.067h1020.587v75.093h-1020.587v-75.093z"
        ],
        "attrs": [
          {},
          {},
          {},
          {}
        ],
        "isMulticolor": false,
        "isMulticolor2": false,
        "grid": 0,
        "tags": [
          "menu"
        ]
      },
      "attrs": [
        {},
        {},
        {},
        {}
      ],
      "properties": {
        "order": 65,
        "id": 7,
        "name": "menu",
        "prevSize": 32,
        "code": 59652
      },
      "setIdx": 0,
      "setId": 2,
      "iconIdx": 4
    },
    {
      "icon": {
        "paths": [
          "M194.56 508.587v-44.373h-194.56v78.507h232.107z",
          "M713.387 535.893l54.613-51.2v-215.040l-153.6-146.773h-211.627l-146.773 146.773v211.627l150.187 150.187h208.213l54.613-54.613 310.613 310.613 44.373-40.96-310.613-310.613zM706.56 457.387l-112.64 116.053h-163.84l-116.053-116.053v-160.427l112.64-116.053h160.427l112.64 116.053v160.427h6.827z",
          "M320.853 119.467h-320.853v75.093h245.76z",
          "M0 808.96v78.507h894.293l-78.507-75.093z"
        ],
        "attrs": [
          {},
          {},
          {},
          {}
        ],
        "isMulticolor": false,
        "isMulticolor2": false,
        "grid": 0,
        "tags": [
          "menu-search"
        ]
      },
      "attrs": [
        {},
        {},
        {},
        {}
      ],
      "properties": {
        "order": 66,
        "id": 6,
        "name": "menu-search",
        "prevSize": 32,
        "code": 59653
      },
      "setIdx": 0,
      "setId": 2,
      "iconIdx": 5
    },
    {
      "icon": {
        "paths": [
          "M1030.872 518.872h-130.577v-254.282h-68.725l-27.49-144.322-51.544 10.309-51.544-130.577-697.557 257.718v3.436h-3.436v762.846h900.295v-254.282h130.577v-250.846zM773.154 261.154h-405.477l395.168-68.725 10.309 68.725zM697.557 140.886l-384.859 68.725 360.805-134.013 24.054 65.289zM841.879 969.020h-780.027v-646.013h780.027v195.866h-65.289v257.718h65.289v192.43z"
        ],
        "attrs": [
          {}
        ],
        "width": 1031,
        "isMulticolor": false,
        "isMulticolor2": false,
        "grid": 0,
        "tags": [
          "money"
        ]
      },
      "attrs": [
        {}
      ],
      "properties": {
        "order": 67,
        "id": 5,
        "name": "money",
        "prevSize": 32,
        "code": 59654
      },
      "setIdx": 0,
      "setId": 2,
      "iconIdx": 6
    },
    {
      "icon": {
        "paths": [
          "M549.547 293.547l10.24-17.067 133.12-180.907 71.68-95.573h-508.587l71.68 95.573 133.12 180.907 13.653 17.067-474.453 474.453 256 256h512l256-256-474.453-474.453zM744.107 962.56h-467.627l-194.56-194.56 430.080-426.667 423.253 426.667-191.147 194.56z",
          "M532.48 679.253l-37.547-17.067c-10.24-3.413-13.653-13.653-13.653-23.893s6.827-17.067 13.653-20.48c13.653-3.413 23.893-6.827 37.547-6.827 20.48 0 37.547 6.827 54.613 17.067v-51.2c-17.067-6.827-37.547-10.24-54.613-13.653v-30.72h-40.96v34.133c-40.96 3.413-68.267 34.133-71.68 75.093 0 44.373 27.307 64.853 71.68 81.92 0 0 27.307 10.24 37.547 17.067 10.24 3.413 17.067 13.653 17.067 23.893s-6.827 17.067-17.067 20.48c-13.653 3.413-23.893 6.827-37.547 3.413-23.893-3.413-44.373-6.827-64.853-20.48v54.613c20.48 10.24 44.373 13.653 68.267 13.653v30.72h37.547v-34.133c40.96 0 71.68-34.133 71.68-75.093s-27.307-58.027-71.68-78.507z"
        ],
        "attrs": [
          {},
          {}
        ],
        "isMulticolor": false,
        "isMulticolor2": false,
        "grid": 0,
        "tags": [
          "money-bag"
        ]
      },
      "attrs": [
        {},
        {}
      ],
      "properties": {
        "order": 68,
        "id": 4,
        "name": "money-bag",
        "prevSize": 32,
        "code": 59655
      },
      "setIdx": 0,
      "setId": 2,
      "iconIdx": 7
    },
    {
      "icon": {
        "paths": [
          "M764.587 450.56v-450.56h-764.587v931.84l95.573 92.16h836.267l92.16-92.16v-477.867l-259.413-3.413zM119.467 962.56l-58.027-58.027v-843.093h645.12v870.4l34.133 34.133h-621.227v-3.413z",
          "M126.293 126.293h512v126.293h-512v-126.293z",
          "M126.293 382.293h256v249.173h-256v-249.173z",
          "M443.733 382.293h194.56v34.133h-194.56v-34.133z",
          "M443.733 597.333h194.56v34.133h-194.56v-34.133z",
          "M126.293 750.933h512v34.133h-512v-34.133z",
          "M126.293 860.16h512v34.133h-512v-34.133z",
          "M443.733 491.52h194.56v34.133h-194.56v-34.133z"
        ],
        "attrs": [
          {},
          {},
          {},
          {},
          {},
          {},
          {},
          {}
        ],
        "isMulticolor": false,
        "isMulticolor2": false,
        "grid": 0,
        "tags": [
          "news"
        ]
      },
      "attrs": [
        {},
        {},
        {},
        {},
        {},
        {},
        {},
        {}
      ],
      "properties": {
        "order": 69,
        "id": 3,
        "name": "news",
        "prevSize": 32,
        "code": 59656
      },
      "setIdx": 0,
      "setId": 2,
      "iconIdx": 8
    },
    {
      "icon": {
        "paths": [
          "M1027.507 971.397l-476.932-476.932 63.123-59.616v-256l-178.849-178.849h-256l-178.849 178.849v256l178.849 182.356h256l63.123-66.63 476.932 476.932 52.603-56.11zM403.288 540.055h-192.877l-136.767-133.26v-196.384l136.767-136.767h192.877l136.767 136.767v192.877l-136.767 136.767z"
        ],
        "attrs": [
          {}
        ],
        "width": 1028,
        "isMulticolor": false,
        "isMulticolor2": false,
        "grid": 0,
        "tags": [
          "search"
        ]
      },
      "attrs": [
        {}
      ],
      "properties": {
        "order": 70,
        "id": 2,
        "name": "search",
        "prevSize": 32,
        "code": 59657
      },
      "setIdx": 0,
      "setId": 2,
      "iconIdx": 9
    },
    {
      "icon": {
        "paths": [
          "M61.44 61.44h648.533v194.56l-406.187 706.56h-197.973l354.987-621.227 51.2-88.747h-450.56v-191.147zM0 0v314.027h406.187l-406.187 709.973h341.333l426.667-754.347v-269.653h-768z"
        ],
        "attrs": [
          {}
        ],
        "width": 768,
        "isMulticolor": false,
        "isMulticolor2": false,
        "grid": 0,
        "tags": [
          "seven"
        ]
      },
      "attrs": [
        {}
      ],
      "properties": {
        "order": 71,
        "id": 1,
        "name": "seven",
        "prevSize": 32,
        "code": 59658
      },
      "setIdx": 0,
      "setId": 2,
      "iconIdx": 10
    },
    {
      "icon": {
        "paths": [
          "M884.053 375.467v0l-136.533-238.933-238.933-136.533-64.853 116.053-81.92 143.36-361.813 628.053 238.933 136.533h273.067l235.52-136.533 136.533-238.933v-273.067zM501.76 150.187l146.773 85.333 17.067 30.72 81.92 143.36v197.973l-85.333 150.187-17.067 30.72-112.64 64.853-61.44 34.133h-201.387l-146.773-85.333-17.067-10.24 378.88-651.947 17.067 10.24z",
          "M413.013 570.027l34.133-61.44-54.613-34.133-6.827-3.413-34.133 61.44 6.827 3.413z",
          "M452.106 696.259l35.625-62.204 62.204 35.625-35.625 62.204-62.204-35.625z",
          "M542.65 535.035l35.625-62.204 62.204 35.625-35.625 62.204-62.204-35.625z",
          "M505.173 409.6l34.133-61.44-54.613-30.72-6.827-3.413-34.133 61.44 3.413 3.413z",
          "M320.853 730.453l34.133-61.44-54.613-34.133-6.827-3.413-34.133 61.44 6.827 3.413z"
        ],
        "attrs": [
          {},
          {},
          {},
          {},
          {},
          {}
        ],
        "width": 884,
        "isMulticolor": false,
        "isMulticolor2": false,
        "grid": 0,
        "tags": [
          "watermelon"
        ]
      },
      "attrs": [
        {},
        {},
        {},
        {},
        {},
        {}
      ],
      "properties": {
        "order": 72,
        "id": 0,
        "name": "watermelon",
        "prevSize": 32,
        "code": 59659
      },
      "setIdx": 0,
      "setId": 2,
      "iconIdx": 11
    },
    {
      "icon": {
        "paths": [
          "M950.857 369.714c0 10.286-7.429 20-14.857 27.429l-207.429 202.286 49.143 285.714c0.571 4 0.571 7.429 0.571 11.429 0 14.857-6.857 28.571-23.429 28.571-8 0-16-2.857-22.857-6.857l-256.571-134.857-256.571 134.857c-7.429 4-14.857 6.857-22.857 6.857-16.571 0-24-13.714-24-28.571 0-4 0.571-7.429 1.143-11.429l49.143-285.714-208-202.286c-6.857-7.429-14.286-17.143-14.286-27.429 0-17.143 17.714-24 32-26.286l286.857-41.714 128.571-260c5.143-10.857 14.857-23.429 28-23.429s22.857 12.571 28 23.429l128.571 260 286.857 41.714c13.714 2.286 32 9.143 32 26.286z"
        ],
        "width": 950.8571428571428,
        "attrs": [],
        "isMulticolor": false,
        "isMulticolor2": false,
        "tags": [
          "star"
        ],
        "defaultCode": 61445,
        "grid": 14
      },
      "attrs": [],
      "properties": {
        "name": "star",
        "id": 9,
        "order": 30,
        "prevSize": 28,
        "code": 61445
      },
      "setIdx": 1,
      "setId": 1,
      "iconIdx": 9
    },
    {
      "icon": {
        "paths": [
          "M649.714 573.714l174.857-169.714-241.143-35.429-108-218.286-108 218.286-241.143 35.429 174.857 169.714-41.714 240.571 216-113.714 215.429 113.714zM950.857 369.714c0 10.286-7.429 20-14.857 27.429l-207.429 202.286 49.143 285.714c0.571 4 0.571 7.429 0.571 11.429 0 15.429-6.857 28.571-23.429 28.571-8 0-16-2.857-22.857-6.857l-256.571-134.857-256.571 134.857c-7.429 4-14.857 6.857-22.857 6.857-16.571 0-24-13.714-24-28.571 0-4 0.571-7.429 1.143-11.429l49.143-285.714-208-202.286c-6.857-7.429-14.286-17.143-14.286-27.429 0-17.143 17.714-24 32-26.286l286.857-41.714 128.571-260c5.143-10.857 14.857-23.429 28-23.429s22.857 12.571 28 23.429l128.571 260 286.857 41.714c13.714 2.286 32 9.143 32 26.286z"
        ],
        "width": 950.8571428571428,
        "attrs": [],
        "isMulticolor": false,
        "isMulticolor2": false,
        "tags": [
          "star-o"
        ],
        "defaultCode": 61446,
        "grid": 14
      },
      "attrs": [],
      "properties": {
        "name": "star-o",
        "id": 10,
        "order": 31,
        "prevSize": 28,
        "code": 61446
      },
      "setIdx": 1,
      "setId": 1,
      "iconIdx": 10
    },
    {
      "icon": {
        "paths": [
          "M925.714 233.143c-25.143 36.571-56.571 69.143-92.571 95.429 0.571 8 0.571 16 0.571 24 0 244-185.714 525.143-525.143 525.143-104.571 0-201.714-30.286-283.429-82.857 14.857 1.714 29.143 2.286 44.571 2.286 86.286 0 165.714-29.143 229.143-78.857-81.143-1.714-149.143-54.857-172.571-128 11.429 1.714 22.857 2.857 34.857 2.857 16.571 0 33.143-2.286 48.571-6.286-84.571-17.143-148-91.429-148-181.143v-2.286c24.571 13.714 53.143 22.286 83.429 23.429-49.714-33.143-82.286-89.714-82.286-153.714 0-34.286 9.143-65.714 25.143-93.143 90.857 112 227.429 185.143 380.571 193.143-2.857-13.714-4.571-28-4.571-42.286 0-101.714 82.286-184.571 184.571-184.571 53.143 0 101.143 22.286 134.857 58.286 41.714-8 81.714-23.429 117.143-44.571-13.714 42.857-42.857 78.857-81.143 101.714 37.143-4 73.143-14.286 106.286-28.571z"
        ],
        "width": 950.8571428571428,
        "attrs": [],
        "isMulticolor": false,
        "isMulticolor2": false,
        "tags": [
          "twitter"
        ],
        "defaultCode": 61593,
        "grid": 14
      },
      "attrs": [],
      "properties": {
        "name": "twitter",
        "id": 145,
        "order": 28,
        "prevSize": 28,
        "code": 61593
      },
      "setIdx": 1,
      "setId": 1,
      "iconIdx": 145
    },
    {
      "icon": {
        "paths": [
          "M548 6.857v150.857h-89.714c-70.286 0-83.429 33.714-83.429 82.286v108h167.429l-22.286 169.143h-145.143v433.714h-174.857v-433.714h-145.714v-169.143h145.714v-124.571c0-144.571 88.571-223.429 217.714-223.429 61.714 0 114.857 4.571 130.286 6.857z"
        ],
        "width": 602.2582857142856,
        "attrs": [],
        "isMulticolor": false,
        "isMulticolor2": false,
        "tags": [
          "facebook",
          "facebook-f"
        ],
        "defaultCode": 61594,
        "grid": 14
      },
      "attrs": [],
      "properties": {
        "name": "facebook, facebook-f",
        "id": 146,
        "order": 26,
        "prevSize": 28,
        "code": 61594
      },
      "setIdx": 1,
      "setId": 1,
      "iconIdx": 146
    },
    {
      "icon": {
        "paths": [
          "M821.143 521.714c0 239.429-160.571 409.143-402.286 409.143-231.429 0-418.857-187.429-418.857-418.857s187.429-418.857 418.857-418.857c113.143 0 207.429 41.143 280.571 109.714l-113.714 109.143c-30.857-29.714-85.143-64.571-166.857-64.571-142.857 0-259.429 118.286-259.429 264.571s116.571 264.571 259.429 264.571c165.714 0 228-119.429 237.714-180.571h-237.714v-144h395.429c4 21.143 6.857 42.286 6.857 69.714zM1316.571 452v120h-119.429v119.429h-120v-119.429h-119.429v-120h119.429v-119.429h120v119.429h119.429z"
        ],
        "width": 1316.5714285714284,
        "attrs": [],
        "isMulticolor": false,
        "isMulticolor2": false,
        "tags": [
          "google-plus"
        ],
        "defaultCode": 61653,
        "grid": 14
      },
      "attrs": [],
      "properties": {
        "name": "google-plus",
        "id": 189,
        "order": 27,
        "prevSize": 28,
        "code": 61653
      },
      "setIdx": 1,
      "setId": 1,
      "iconIdx": 189
    },
    {
      "icon": {
        "paths": [
          "M677.714 546.857l146.857-142.857-241.143-35.429-17.143-34.286-90.857-184v550.286l33.714 17.714 181.714 96-34.286-202.857-6.857-37.714zM936 397.143l-207.429 202.286 49.143 285.714c4 25.143-5.143 40-22.857 40-6.286 0-14.286-2.286-22.857-6.857l-256.571-134.857-256.571 134.857c-8.571 4.571-16.571 6.857-22.857 6.857-17.714 0-26.857-14.857-22.857-40l49.143-285.714-208-202.286c-24.571-24.571-16.571-48.571 17.714-53.714l286.857-41.714 128.571-260c7.429-15.429 17.714-23.429 28-23.429v0c10.286 0 20 8 28 23.429l128.571 260 286.857 41.714c34.286 5.143 42.286 29.143 17.143 53.714z"
        ],
        "width": 950.8571428571428,
        "attrs": [],
        "isMulticolor": false,
        "isMulticolor2": false,
        "tags": [
          "star-half-empty",
          "star-half-full",
          "star-half-o"
        ],
        "defaultCode": 61731,
        "grid": 14
      },
      "attrs": [],
      "properties": {
        "name": "star-half-empty, star-half-full, star-half-o",
        "id": 260,
        "order": 32,
        "prevSize": 28,
        "code": 61731
      },
      "setIdx": 1,
      "setId": 1,
      "iconIdx": 260
    },
    {
      "icon": {
        "paths": [
          "M585.143 512c0-80.571-65.714-146.286-146.286-146.286s-146.286 65.714-146.286 146.286 65.714 146.286 146.286 146.286 146.286-65.714 146.286-146.286zM664 512c0 124.571-100.571 225.143-225.143 225.143s-225.143-100.571-225.143-225.143 100.571-225.143 225.143-225.143 225.143 100.571 225.143 225.143zM725.714 277.714c0 29.143-23.429 52.571-52.571 52.571s-52.571-23.429-52.571-52.571 23.429-52.571 52.571-52.571 52.571 23.429 52.571 52.571zM438.857 152c-64 0-201.143-5.143-258.857 17.714-20 8-34.857 17.714-50.286 33.143s-25.143 30.286-33.143 50.286c-22.857 57.714-17.714 194.857-17.714 258.857s-5.143 201.143 17.714 258.857c8 20 17.714 34.857 33.143 50.286s30.286 25.143 50.286 33.143c57.714 22.857 194.857 17.714 258.857 17.714s201.143 5.143 258.857-17.714c20-8 34.857-17.714 50.286-33.143s25.143-30.286 33.143-50.286c22.857-57.714 17.714-194.857 17.714-258.857s5.143-201.143-17.714-258.857c-8-20-17.714-34.857-33.143-50.286s-30.286-25.143-50.286-33.143c-57.714-22.857-194.857-17.714-258.857-17.714zM877.714 512c0 60.571 0.571 120.571-2.857 181.143-3.429 70.286-19.429 132.571-70.857 184s-113.714 67.429-184 70.857c-60.571 3.429-120.571 2.857-181.143 2.857s-120.571 0.571-181.143-2.857c-70.286-3.429-132.571-19.429-184-70.857s-67.429-113.714-70.857-184c-3.429-60.571-2.857-120.571-2.857-181.143s-0.571-120.571 2.857-181.143c3.429-70.286 19.429-132.571 70.857-184s113.714-67.429 184-70.857c60.571-3.429 120.571-2.857 181.143-2.857s120.571-0.571 181.143 2.857c70.286 3.429 132.571 19.429 184 70.857s67.429 113.714 70.857 184c3.429 60.571 2.857 120.571 2.857 181.143z"
        ],
        "width": 877.7142857142857,
        "attrs": [],
        "isMulticolor": false,
        "isMulticolor2": false,
        "tags": [
          "instagram"
        ],
        "defaultCode": 61805,
        "grid": 14
      },
      "attrs": [],
      "properties": {
        "name": "instagram",
        "id": 329,
        "order": 29,
        "prevSize": 28,
        "code": 61805
      },
      "setIdx": 1,
      "setId": 1,
      "iconIdx": 329
    }
  ],
  "height": 1024,
  "metadata": {
    "name": "icomoon"
  },
  "preferences": {
    "showGlyphs": true,
    "showQuickUse": true,
    "showQuickUse2": true,
    "showSVGs": true,
    "fontPref": {
      "prefix": "icon-",
      "metadata": {
        "fontFamily": "icomoon"
      },
      "metrics": {
        "emSize": 1024,
        "baseline": 6.25,
        "whitespace": 50
      },
      "embed": false
    },
    "imagePref": {
      "prefix": "icon-",
      "png": true,
      "useClassSelector": true,
      "color": 0,
      "bgColor": 16777215,
      "classSelector": ".icon"
    },
    "historySize": 50,
    "showCodes": true,
    "gridSize": 16
  }
}